{
  "source": "local_dataset_holdout_training",
  "seed": 42,
  "dataset_roots": [
    "Oral Cancer\\Oral Cancer Dataset",
    "Oral cancer Dataset 2.0\\OC Dataset kaggle new"
  ],
  "clean_unique_images": 1052,
  "conflicting_duplicate_hashes_excluded": 1,
  "unreadable_images_excluded": 10,
  "split_counts": {
    "train": {
      "total": 736,
      "cancer": 407,
      "non_cancer": 329
    },
    "val": {
      "total": 158,
      "cancer": 87,
      "non_cancer": 71
    },
    "test": {
      "total": 158,
      "cancer": 87,
      "non_cancer": 71
    }
  },
  "label_semantics": "sigmoid output is interpreted as no-cancer score",
  "preprocess": "legacy_normalized_rgb",
  "bundled_model": {
    "validation_threshold_search": {
      "accuracy": 0.7658227848101266,
      "precision": 0.8048780487804879,
      "recall": 0.7586206896551724,
      "specificity": 0.7746478873239436,
      "f1_score": 0.7810650887573964,
      "balanced_accuracy": 0.7666342884895581,
      "threshold": 0.46,
      "total_samples": 158,
      "tp": 66,
      "tn": 55,
      "fp": 16,
      "fn": 21
    },
    "test_metrics": {
      "accuracy": 0.8291139240506329,
      "precision": 0.8333333333333334,
      "recall": 0.8620689655172413,
      "specificity": 0.7887323943661971,
      "f1_score": 0.847457627118644,
      "balanced_accuracy": 0.8254006799417193,
      "threshold": 0.46,
      "total_samples": 158,
      "tp": 75,
      "tn": 56,
      "fp": 15,
      "fn": 12
    }
  },
  "finetuned_model": {
    "validation_threshold_search": {
      "accuracy": 0.7911392405063291,
      "precision": 0.7547169811320755,
      "recall": 0.9195402298850575,
      "specificity": 0.6338028169014085,
      "f1_score": 0.8290155440414508,
      "balanced_accuracy": 0.776671523393233,
      "threshold": 0.64,
      "total_samples": 158,
      "tp": 80,
      "tn": 45,
      "fp": 26,
      "fn": 7
    },
    "test_metrics": {
      "accuracy": 0.740506329113924,
      "precision": 0.7053571428571429,
      "recall": 0.9080459770114943,
      "specificity": 0.5352112676056338,
      "f1_score": 0.7939698492462313,
      "balanced_accuracy": 0.721628622308564,
      "threshold": 0.64,
      "total_samples": 158,
      "tp": 79,
      "tn": 38,
      "fp": 33,
      "fn": 8
    }
  },
  "output_model_path": "D:\\open cv projects\\oral-cancer\\reports\\best_finetuned.weights.h5",
  "serving_model": "load base .keras model and apply reports/best_finetuned.weights.h5"
}